1 hassan hassan124 1 mohammad mo1235 1 narges narges4444 1 roya rnazar876 1 milad 987milad 1 ahmad bayat1444 1 masoud masoud 1 helia hl154 1 omid omid154 hooman tmx123 1 navid navid4466 1 parisa parisaa 1 ramin rh1515 2 master1 ab1254 2 master2 t124 2 master3 pass1111 2 master4 soh1541 1 alireza ali9854 2 master8 m1542 